Receptor,MAP4K4
Measure,RMSD
min-cross,0.499229,0.023409
align-cross,0.499714,0.023593
dock-cross,0.395514,0.023077
align-close,0.448143,0.023901
dock-close,0.263457,0.020882
p-value,0.000000,1,3